name.firstname,name.lastname,userName,phone,email,password
Shanti,Roy,shanti1234,9900887755,shantiroy@gmail.com,12345
Sanjeev,Mishra,sanju99,9450889451,sanju99@gmail.com,998899
Rahul,Mishra,rj1234,9936375707,rahulmishra96@gmail.com,hello
Aditya,Mishra,adi99,8858483939,aditya@gmail.com,343434
Shiva,Singh,shiva11,5645789833,shivag@gmail.com,123456
Piyoosh,Singh,justpiyoosh,8896136036,piyoos99@gmail.com,333333
Ayush,Singh,justayoosh,8978564783,ayushkaka@gmail.com,243546
Priyank,Srivastava,priyank1234,9944556633,priyank1999@gmail.com,1234567
Shivang,Mishra,shivang55,8899008877,shivang@gmail.com,5678909
Gaurav,Mishra,gauraiya11,9933224455,mishraggaurav@gmail.com,674839
